3,Seattle Cheese Festival,05/15/2010 00:00:00,05/16/2010 00:00:00,"Sample and learn about all things cheese. The Market hosts the Seattle Cheese Festival. Visit <a href=""http://www.seattlecheesefestival.com/"" target=""_new"">www.seattlecheesefestival.com</a> for information.",0
4,Pike Place Market Flower Festival,05/08/2010 00:00:00,05/09/2010 00:00:00,"Mother's Day Weekend!<br /><br />Flower farmers fill the north end of the street, offering beautiful bouquets for sale in this Mother's Day event. Check back for more details, including news about guest speaker Cisco Morris.",0
5,The Pink Door Entertainment,07/01/2010 00:00:00,07/31/2010 00:00:00,"The entertainment line up for The Pink Door for July:<br /><br /><span style=""text-decoration: underline;"">Monday</span><br />Rachel Strickland on trapeze<br />Make reservations to see our trapeze artist in the dining room!!!<br />6:30 p.m. - 9:00 p.m.<br /><br /><span style=""text-decoration: underline;"">Tuesday</span><br />Tony Yazzalino on accordion<br />Sting on accordion<br />8:00 p.m. - 11:00 p.m.<br /><br /><span style=""text-decoration: underline;"">Wednesday</span><br />Casey MacGill &amp; the Blue 4 Trio<br />The golden era of speak easy nightclubs w/ harmonizing vocals<br />8:00 p.m. - 11:00 p.m.<br /><br /><span style=""text-decoration: underline;"">Thursday</span><br />Greg Ruby &amp; his Musette Trio<br />Eastern European Jazz<br />8:00 p.m. - 11:00 p.m.<br /><br /><span style=""text-decoration: underline;"">Fridays</span><br /><strong>JulyÂ 2nd</strong> <br />The Witness<br />The best of Seattle soul with Kaleb Kerr<br />9:00 p.m. - 12:00 a.m.<br /><br /><strong>July 9th</strong><br />Professor Gall<br />Live from Portland<br />9:00 p.m. - 12:00 a.m.<br /><br /><strong>July 16th </strong><br />Modern Dance Behind The Pink Door<br />Hosted by: Alice Gosti<br />Show starts at 10:00 p.m.<br /><br /><strong>July 23rd </strong><br />The Witness<br />The best of Seattle soul with Kaleb Kerr<br />9:00 p.m. - 12:00 a.m.<br /><br /><strong>July 30th - Special gig this month!</strong><br />Jim Bianco<br />Eclectic song craft on par with Elvis Costello and Tom WaitsÂ <br />No cover charge. Show starts at 10:30 p.m.<br />For more about Jim Bianco, visit <a href=""http://www.jimbianco.com"">www.jimbianco.com</a>.<br /><br /><span style=""text-decoration: underline;"">Saturday</span><br />Burlesque &amp; Cabaret Behind The Pink Door<br />11:00 till the Wee Hours<br />Please call for details.Â  No Reservations / $15 Cover / Recommended arrival time 9:30 to 10:00<br /><br /><span style=""text-decoration: underline;"">Sunday</span><br />Tamara the Trapeze Artist<br />Make reservations to see our trapeze artist in the dining room!!!<br />6:30 p.m. - 9:00 p.m.<br /><br />The Pink Door is located at 1919 Post Alley between Stewart &amp; Virginia. Call 206-443-3241 for information or reservations. <a href=""http://www.thepinkdoor.net/"" target=""_new"">www.thepinkdoor.net</a>",0
6,FARM DAYS at Pike Place Market,06/23/2012 00:00:00,09/30/2012 00:00:00,"<p>Shop from Pike Place Market farmers on the cobblestones of Pike Place every Wednesday, Saturday and Sunday this summer.<br /><br />Choose from the season's best berries, greens, herbs, vegetables and much more.</p>
<p>On Sundays, the north end of Pike Place is closed to traffic, creating more room to shop and walk. Join us each Sunday for a cooking demo or two and learn from local chefs. Demos begin at noon and 2:00 p.m. each Sunday (note: chef demos are subject to change or cancellation without notice).</p>
<a href=""http://pikeplacemarket.org/news_events/events_promotions#event-9"" title=""chef demo schedule"" target=""_blank"">Chef demo schedule and weekly chef bios<br /></a>",0
7,Pike Place Market Express,06/22/2010 00:00:00,09/30/2010 00:00:00,"Join us at our weekly remote markets again this summer! Shop from Pike Place Market farmers at a location convenient to your office.<br /><br /><strong>Pike Place Market Express at City Hall Plaza</strong><br />begins June 22, then every Tuesday through September<br />10 am - 2 pm<br /><br /><strong>Pike Place Market Express in the Cascade Neighborhood</strong><br />begins June 24, then every Thursday through September<br />3 - 7 pm<br /><em>New location: On Minor Ave. between Thomas &amp; Harrison Streets, one block east of Fairview Ave. N.</em><br />",0
102,Flair Studio & Boutique Opening Party,03/30/2013 00:00:00,03/30/2013 00:00:00,"<span style=""color: #333333; font-family: 'lucida grande', tahoma, verdana, arial, sans-serif; font-size: 13px; line-height: 16px;"">Put on something stylish and come to the 3rd level downunder at Pike Place Market for the <span style=""color: #333333; font-family: 'lucida grande', tahoma, verdana, arial, sans-serif; font-size: 13px; line-height: 16px;"">official Launch of Flair Studio &amp; Boutique </span>from 5-9 pm.</span><br style=""color: #333333; font-family: 'lucida grande', tahoma, verdana, arial, sans-serif; font-size: 13px; line-height: 16px;"" /><br style=""color: #333333; font-family: 'lucida grande', tahoma, verdana, arial, sans-serif; font-size: 13px; line-height: 16px;"" /><span style=""color: #333333; font-family: 'lucida grande', tahoma, verdana, arial, sans-serif; font-size: 13px; line-height: 16px;"">Live Painting by the artist and the artists at THE STUDIO across the way. Â Live music from 5-7 pm.Â <br /><br />Proceeds will be donated to the Market Foundation. <br /><br />Event info: <a href=""http://www.facebook.com/events/508733225839072/"" target=""_blank"">www.facebook.com/events/508733225839072/</a></span><br style=""color: #333333; font-family: 'lucida grande', tahoma, verdana, arial, sans-serif; font-size: 13px; line-height: 16px;"" /><br style=""color: #333333; font-family: 'lucida grande', tahoma, verdana, arial, sans-serif; font-size: 13px; line-height: 16px;"" /><br />",1
47,"Valentine's Day at Il Bistro",02/14/2011 00:00:00,02/14/2011 00:00:00,"<p>Festa di San Valentino<br /><br />Valentine's Day is a day to express your love and to celebrate the spirit of love. For over 35 years Il Bistro, tucked away underneath the Pike Place Market, has offered Seattle romantic and fine dining with classic Italian fare. The romantic and warm atmosphere that started in 1975 still resonates within these walls today.</p>
<p>Il Bistro is one of the most romantic places to be on Feb. 14th with a complimentary red rose for each couple, and to make the atmosphere even more romantic, the Mike Stafford Jazz Trio will be performing live throughout the evening.</p>
<p>Enjoy a truly special and romantic dinner with that special someone. You will love the San Valentino-inspired delicious Prezzo Fisso, ""Prix-Fixe,"" Chef Nathan Louma is preparing. Featuring four courses of indulgence from Kumamoto Oysters Served For Two to Maine Lobster &amp; Cappellini Pasta in a Saffron-Prosecco Cream.</p>
<p>Can't make it on the 14th? Look forÂ tasty courses fromÂ their Valentineâ€™s Day menu available a la carte beginning Friday, February 11 through Sunday, February 13 for dinner.</p>
<p>Call or visitÂ their <a href=""http://www.ilbistro.net/?utm_source=Il+Bistro&amp;utm_campaign=cd91afb85f-ILB_News_46&amp;utm_medium=email"" target=""_blank"">web site</a> to make reservations as space is very limited on this busy weekend.</p>
<p>Â <br /><em>â€œFesta Di San Valentino Menuâ€<br /></em>$95 per person, including live entertainment <br />Â <br /><em>Antipasti<br /></em>Ostrica â€œPer Dueâ€ - Kumamoto Oysters Served â€œFor Twoâ€ with Citrus-Champagne Mignonette<br />Carpacciodi Tonno - Fennel-Orange Encrusted Ahi Tuna, with Orange Flower Aioli &amp; Caviar<br />Gamberoni - Grilled Lemon-Rosemary Marinated Gulf Prawns over Saffron-Cous Cous Salad<br />CesarÃ©- Hearts of Romaine Tossed withParmigiano, Croutons &amp; Il Bistro Classic Dressing<br />Zuppa di Zucca- Butternut Squash Soup with Sage &amp; White Balsamic Soaked Cranberries<br />Formaggio â€“Artisanal Italian Cheeses with Candied Walnuts &amp; Pomegranate<br />Â <br /><em>Primi<br /></em>Risotto del Anatra- Bing Cherry-Port Risotto with Mascarpone &amp; House Cured Duck Condita<br />Fettucine con Gamberoni â€“ Fettucine &amp; Prawns with Garlic, Oregano, Breadcrumbs &amp; Parmigiana<br />Cappellini con Aragosta- Maine Lobster &amp; Cappellini Pasta in a Saffron-Prosecco Cream<br />Ravioli al Piselli â€“ Sweet Pea &amp; Tarragon Ravioli with Sherry, Yellow Tomatoes &amp; SautÃ©ed Pea Vines<br />Â <br /><em>Secondi<br /></em>SalmonÃ©-Grilled King Salmon with Lemon-Mascarpone Risotto &amp; Wild Arugula<br />PettinÃ©- Guanciale Wrapped Sea Scallops with Farro, Roasted Beets &amp; Blood Orange Citronette<br />Caretto dâ€™ Agnello- Roasted Domestic Rack of Lamb with Rustic Potatoes &amp; Red Wine-Veal Demi-Glace<br />Filetto di Manzo- Roast Tenderloin of Beef with Sweet Potato Gratin &amp; Sangiovese Reduction<br />Anatra- Pan Seared Duck Breast with Basmati Rice and Golden Raisins<br />Â <br /><em>Dolci<br /></em>Tiramisu â€“ 35 Year Il Bistro Classic<br />Zabaglione RosÃ© â€œPer Dueâ€ â€“ Brachetto Zabaglione served â€œfor twoâ€ with Fresh Berries<br />Mousse di Cioccolato â€“ Espresso-Chocolate Mousse with Pistachio Brittle &amp; White Chocolate<br />Panna Cotta â€“Mount Adams Huckleberry Panna Cotta with Fresh Fruit</p>",0
45,"Valentine's Day at Maximilien",02/14/2011 00:00:00,02/14/2011 00:00:00,"<p>A romantic spot on Valentine's Day! Celebrate Valentine's day with a five-course dinner menu and live French cafÃ© music.</p>
<p>Voted ""one of the most romantic restaurant in Seattle"" - ""Best Place To Kiss.""</p>
<p>In addition, this special dinner will also feature ""Pourquoi Pas"" music throughout the evening. ""Pourquoi Pas"" offers a repertoire of French ""chansons"" tinged with Latin jazz and gypsy swing.</p>
<p><strong><em>Valentine's Day Menu - $80 per person:</em></strong></p>
<p><strong>PissaladiÃ¨re au saumon fume<br /></strong>G&amp;D smoked salmon baked with crÃ¨me fraiche on flat brioche bread</p>
<p><strong>Crevettes ProvenÃ§ales<br /></strong>SautÃ©ed prawns with zucchini, egg plant and a Pernod beurre blanc</p>
<p><strong>Loverâ€™s Break<br /></strong>Pear sorbet and poire William liquor</p>
<p><strong>Faisan au raisin<br /></strong>Roasted pheasant breast withÂ  asparagus, baby carrots and a raisins demi glace</p>
<p><strong>Dessert pour deux<br /></strong>Layered ganache and raspberry mousse with chocolate hearts</p>
<p><a href=""http://maximilienrestaurant.com/events/vday/2011/index.html"" title=""Maximilien's website"" target=""_blank"">Reserve online now </a>or call 206-682-7270. Reserve early as space is limited.</p>
<p>Â </p>",0
59,Meet the Producers Farmtable Tour,06/25/2011 00:00:00,09/25/2011 00:00:00,"<p>Meet the Producer during our free farmtable tours taking place each Saturday and Sunday starting September 25. Meet the farmers and then shop for the best in farm fresh produce!<br /><br />Tours will be held each Saturday and Sunday atÂ 1:00 p.m.Â and meet at the Farm InfoÂ TentÂ near the north end of Pike Place.Â Tours will last 20-30 minutes and will feature a brief introduction of each farmer by the Market Master on duty that day, who will lead the tour. (The Market Master is in charge of farm and crafts set-up each day.) Farmers will talk about themselves, their farm, what they grow, and how they grow it.Â Some farmers will offer sample of their products. Tours will include farmers selling fresh fruits and vegetables on the street, those selling value added products on the dry side, and possibly a few flower farmers if time allows.Â Â <br /><br />Please join us for one or more tours this summer and get to know the farmers you shop from each week. Stop by the Farm InfoÂ Tent at 1:00 any Saturday or Sunday.</p>
<p>Â </p>",0
9,Summer Sunday Chef Demos,09/30/2012 00:00:00,09/30/2012 00:00:00,"Each Sunday this summer, stop by our Market tent on the north end of Pike Place and learn from a local chef as they demonstrate a recipe using locally grown produce. Noon and 2:00 p.m. most days <em>(note: subject to change or cancellation without notice)</em>.<br /><br />
<h2>Featured Chefs this Sunday</h2>
<p><strong>Upcoming Chefs</strong><br /><br /><strong>SeptemberÂ 29 at noon.:Â Phyllis Rosen of Catering by Phyllis<br /><br /><strong><img alt=""Jeremy McLachan"" src=""http://pikeplacemarket.s3.amazonaws.com/Farm Photos/Chef Demos/saltys.jpg"" style=""float: left; margin: 10px;"" />SeptemberÂ 29 at 2:00 p.m.:Â Jeremy McLachlan of Salty's on AlkiÂ <br /></strong></strong></p>
<p>Jeremy McLachlan started his culinary career at Saltyâ€™s on the Columbia in Portland at the age of 18. After four years, he transferred to the Redondo Beach Saltyâ€™s and then became Alki Sous Chef. His was promoted to Executive Chef at Saltyâ€™s on the Columbia, where he received rave reviews from local media food writers for his attention to detail. He decided to head back to Seattle to work at the best seafood restaurant in Seattle. He made his impact in the community and culinary world for the past six years with a live radio show and countless charitable events.Â  â€œMy love is to create great dishes with fresh seafood, as we are a seafood restaurant, but not forget the meat lovers. We are in the backyard of the greatest seafood on the planet,â€ says Chef McLachlan. He has now moved on as Saltyâ€™s Corporate Executive Chef.</p>
<br /><br /><strong>2012 Summer Sunday Chef Demo Schedule</strong><br /><br />September 30 at noon: Phyllis Rosen of Catering by Phyllis<br />September 30 at 2:00 p.m.: Jeremy McLachlan of Salty's on AlkiÂ <br /><br /><br />Subject to change or cancellation without notice.
<div></div>",0
31,Magic in the Market Holiday Kick-off,11/26/2011 00:00:00,11/26/2011 00:00:00,"Join us for our annual holiday kick-off, filled with an afternoon of festive music and a visit from Santa. Holiday lights adorning the Market's buildings and trees will be turned on at 5:00 p.m. Celebrate the start of the holiday season! <br /><br /><strong>Holiday Photos with Santa<br /></strong>Santa will appear under the Market clockÂ in front ofÂ the Market's vintage farmtruck. Take your own holiday photoÂ at this picturesque Seattle spot! 1:00 - 5:00 p.m.<br /><br /><strong>Gift Wrapping<br /></strong>Shop from local artists and craftspeople in the North Arcade--or from any of our hundreds of unique specialty shops, then have your gifts wrapped by the Market Foundation for a suggested $5 donation. They'll be located on Pike Place near the North Arcade entranceÂ underÂ a white tent from 1:00 - 5:00 p.m.<br /><br /><strong>Festive Music<br /></strong>Along with the sounds ofÂ ourÂ own Market buskers, enjoy the Dickens CarollersÂ as they stroll the Market in their Victorian attireÂ in the mid-afternoon. Starting at 4:30, they'll appear under the Market clock.<br /><br /><strong>Holiday Lights<br /></strong>Join us under the clock at 5:00 p.m. for our annualÂ holiday lighting.Â Lights along our buildings and on our large tree will be turned on for the season. It's the most beautiful time of the year in the Market!<br /><br /><br />",0
11,Spaces for Urban Living: Downtown Home Tour,06/27/2010 13:00:00,06/27/2010 17:00:00,"Experience what life would be like to live downtown at the Market Foundation's <strong>Spaces for Urban Living: Downtown Home Tour</strong>.<br /> <br />Homes in the self-guided walking tour are selected because of interest in the building's or particular unit's architecture or interior design, art, use of space and the ways the home reflect the personalities of the residents. From funky to chic, all the homes are distinctive. <br /> <br />The 2010 tour features homes in buildings located within walking distance of the Pike Place Market, including Fifteen Twenty-One Second Avenue, The Watermark, The Grand Pacific and the Market's Livingston Baker Building. <br /><br /><a href=""http://www.brownpapertickets.com/event/113781"" title=""purchase tickets onlnie"" target=""_blank"">Purchase tickets online</a> by Friday, June 25th (by 1pm) to receive the <strong>Early Bird discount</strong>. Cost of advance tickets: $25.<br /> <br />You can also register the day of the tour beginning at noon at the Home Tour registration tent near Rachel the Pig at the main Market entrance on Pike Street or at BoConcept, located at 901 Western Ave. Day of event ticket cost: $30.<br /> <br />During the Tour, stop by <a href=""http://www.boconcept.us/Default.aspx?ID=82816"" title=""BoConcept"" target=""_blank"">BoConcept</a> (901 Western Ave.) for refreshments and to meet their skilled design consultants who will introduce you to the latest in affordable luxury design and help you decorate the home of your dreams! <br /> <br />The 2010 Spaces for Urban Living: Downtown Home Tour is sponsored by <a href=""http://www.boconcept.us/Default.aspx?ID=82816"" title=""BoConcept"" target=""_blank"">BoConcept</a>.<br /> <br />Event proceeds benefit the Market's human service agencies: <a href=""http://www.pikeplacemarketfoundation.org/aboutus/medicalclinic.shtml"" title=""Pike Market Medical Clinic"" target=""_blank"">Pike Market Medical Clinic</a>, <a href=""http://www.pikeplacemarketfoundation.org/aboutus/childcare.shtml"" title=""Child Care &amp; Preschool"" target=""_blank"">Child Care &amp; Preschool</a>, <a href=""http://www.pikeplacemarketfoundation.org/aboutus/seniorcenter.shtml"" title=""Senior Center"" target=""_blank"">Senior Center</a> and the <a href=""http://www.pikeplacemarketfoundation.org/aboutus/foodbank.shtml"" title=""Downtown Food Bank"" target=""_blank"">Downtown Food Bank</a>.<br />",0
33,Holiday Giving Tree,11/26/2010 00:00:00,12/21/2010 00:00:00,"<p>Beginning November 26th, the annual Market Foundation Giving Tree will be decorated with holiday wishes from low-income members of the Market community. The Giving Tree benefits low-income Market residents and members, clients and students of the Pike Market Senior Center, Medical Clinic, Food Bank, Childcare and Preschool and Heritage House at the Market. The tree will be located in the DownUnderbetween Hands of the World and The Magic Shop.Â Stop by and share the spirit of the holiday season by selecting a wish or two.<br /><br /><a href=""http://www.pikeplacemarketfoundation.org"" title=""Market Foundation"" target=""_blank"">LearnÂ about the Market Foundation</a></p>",0
51,Celebrate Your Valentines at Pike Place Market,02/12/2011 00:00:00,02/14/2011 00:00:00,"<p>Shop from Market farmers and craftspeople for flowers and unique gifts, plus make valentines at the crafts tent.Â Â <br />Â Â  <br />Itâ€™s the season of love, and what better place to celebrate than the place everyone loves, Seattleâ€™s iconic Pike Place Market. There are hundreds of gift ideas for those you love. Local farmers offer fresh, greenhouse-grown tulips.Â Pick up colorful bouquets from Alm Hill Gardens and Jonkheer Greenhouses. Marshland Orchards has plants for those with a green-thumb.<br /><br />Plus, find handmade, unique crafts from over 200 craftspeople. From fine paintings, jewelry and sculpture,Â  to glass art, fabric arts, photography, pottery, bath and body products,Â and much more. <br /><br />Bring the family to the Market February 12 through 14 and create your own handmade valentines to give away. Look for the Cupid Tent set up on the Pike Place cobblestones from 10 a.m. to 3 p.m.</p>",0
50,Seattle Cheese Festival,05/14/2011 00:00:00,05/15/2011 00:00:00,"Taste, celebrate, and learn about artisanal cheese as the Pike Place Market will once again host the Seattle Cheese Festival. Look for more than 250 cheeses from local and international producers. Enjoy samples and cooking demonstrations and relax in the wine garden. More <a href=""http://www.seattlecheesefestival.com/"" title=""Seattle Cheese Festival"" target=""_blank"">information</a> on their website.",0
20,Sunset Supper at the Market,08/17/2012 00:00:00,08/17/2012 00:00:00,"A benefit for the Pike Place Market Foundation<br />August 17th, 2012, 7:30pm - 11:00pm<br />Â <br />Join us for the 17th annual Sunset Supper at the Market. For one evening, Pike Place Market will be transformed into a delightful party venue, where you will sample and sip your way through the booths of fine restaurants, wineries, breweries, and spirits purveyors. Chat with chefs, mingle with your friends, and dance under the stars to live music. <a href=""http://www.pikeplacemarketfoundation.org/sunset-supper/"" title=""Sunset Supper"" target=""_blank"">More info</a>Â <br />",0
54,"Celebrate the Market's 105th Birthday",08/17/2012 00:00:00,08/17/2012 00:00:00,"It's the Market's 105th birthday! Join us on this special day to enjoy your Market favorites--whether it's coffee and pastry, shopping the craftsline, filling up on farm fresh produce, or enjoying a great lunch or dinner. Please check back for other birthday festivities.<br />",0
26,American Craft Week Celebration,10/01/2010 00:00:00,10/10/2010 00:00:00,"<p>Discover unique crafts from more than 200 local artists and ""Meet the Producer."" Join the Daystall Artists of Pike Place Market as they celebrate American Craft Week, October 1-10.Â Artists selling their unique locally made handicrafts and artwork: a tradition at the Market since the mid-1900â€™s.Â Shop early for the holidays!</p>
<p>Â </p>",0
57,The Pink Door December Entertainment,12/03/2012 00:00:00,12/31/2012 00:00:00,"<p>Special Lunch Time Performances<br />Featuring Aerialist Bridget Gunning<br /> Monday-Friday, Dec. 17-21<br /> 12:30-2:30 p.m.</p>
<p><span style=""font-weight: bold; text-decoration: underline;"">Monday</span></p>
<p>Katie Kat Kirkland<br />Make reservations to see the Pink Door's trapeze artist in the dining room!<br />6:30 p.m. â€“Â  9:00 p.m.</p>
<p><strong><span style=""text-decoration: underline;"">Tuesday</span></strong></p>
<p>December 4th<br />Jonathan Rooke<br />8:00 p.m. â€“Â  11:00 p.m.</p>
<p>December 11th<br />Glimmer<br />8:00 p.m. â€“Â  11:00 p.m.</p>
<p>December 18th<br />Glimmer<br />8:00 p.m. â€“Â  11:00 p.m.</p>
<p>December 25th<br />CLOSED</p>
<p><strong><span style=""text-decoration: underline;"">Wednesday<br /></span></strong><br />Casey MacGill's Blue 4 Trio<br />The golden era of speak easy nightclubs w/ harmonizing vocals<br />8:00 p.m. â€“Â  11:00 p.m.</p>
<p><strong><span style=""text-decoration: underline;"">Thursday</span></strong></p>
<p>Bric-a-Brac<br />Eastern European Jazz<br />8:00 p.m. â€“Â  11:00 p.m.</p>
<p><strong><span style=""text-decoration: underline;"">Friday</span></strong></p>
<p><strong><span style=""text-decoration: underline;""> </span></strong></p>
<p>December 7th<br />Michel Navedo<br />9:00 p.m. â€“ 12:00 a.m</p>
<p>December 14th<br />Modern Dance Behind The Pink Door</p>
<p>December 21<br />Miles &amp; Karina<br />9:00 p.m. â€“ 12:00 a.m.</p>
<p>December 28th<br />Michel Navedo<br />9:00 p.m. â€“ 12:00 a.m.</p>
<p><strong><span style=""text-decoration: underline;"">Saturday</span></strong></p>
<p>Burlesque &amp; Cabaret Behind The Pink Door<br />11:00 p.m. till the Wee Hours<br />No Reservations / $15 Cover / Waiting list starts at 9:00 / Doors open at 8:30</p>
<p><strong><span style=""text-decoration: underline;"">Sunday</span></strong></p>
<p>Bridget Gunning &amp; Special Guests on Trapeze<br />Make reservations to see our trapeze artist in the dining room!!!<br />6:30 p.m. â€“Â  9:00 p.m.</p>
<p><strong>1919 Post Alley<br /> Seattle, WA 98101<br /> (206) 443-3241</strong></p>
<p><strong><a href=""http://www.thepinkdoor.net"">www.thepinkdoor.net</a></strong></p>
<p><strong><em>Twitter: </em></strong><em><a href=""https://twitter.com/pinkdoorseattle"">@PinkDoorSeattle</a></em></p>
<p><strong><em>Faceboo</em></strong><em>k: <a href=""https://www.facebook.com/PinkDoorSeattle"">https://www.facebook.com/PinkDoorSeattle</a></em></p>",1
88,,00/00/0000 00:00:00,00/00/0000 00:00:00,,0
89,"Magic in the Market ",11/24/2012 00:00:00,11/24/2012 00:00:00,"<div id=""_mcePaste"" style=""position: absolute; left: -10000px; top: 0px; width: 1px; height: 1px; overflow: hidden;"">Pike Place Market is a unique destination for the holidays. Shoppers will find a diverse array of one-of-a-kind gifts and crafts, specialty food items for the table and eclectic dining at Market restaurants, cafes and bars.</div>
<div id=""_mcePaste"" style=""position: absolute; left: -10000px; top: 0px; width: 1px; height: 1px; overflow: hidden;""></div>
<div id=""_mcePaste"" style=""position: absolute; left: -10000px; top: 0px; width: 1px; height: 1px; overflow: hidden;"">Magic in the Market on November 24</div>
<div id=""_mcePaste"" style=""position: absolute; left: -10000px; top: 0px; width: 1px; height: 1px; overflow: hidden;""></div>
<div id=""_mcePaste"" style=""position: absolute; left: -10000px; top: 0px; width: 1px; height: 1px; overflow: hidden;"">Meet Santa under the Marketâ€™s iconic clock and Public Market sign and sing along with the award-winning Dickenson Carolers. Great Figgy Pudding Street Corner Caroling Competition teams will entertain the crowd with comic and singular renditions of holiday carols. Expect the unexpected!</div>
<div id=""_mcePaste"" style=""position: absolute; left: -10000px; top: 0px; width: 1px; height: 1px; overflow: hidden;""></div>
<div id=""_mcePaste"" style=""position: absolute; left: -10000px; top: 0px; width: 1px; height: 1px; overflow: hidden;"">At 5 pm, Santa leads a countdown to the lighting of the Marketâ€™s 20-foot Holiday Tree, strawberry and carrot. The Dickenson Carolers will lead the crowd in carols as the dusk deepens. Stay warm with hot cider and enjoy the holiday cheer at the Market!</div>
<div id=""_mcePaste"" style=""position: absolute; left: -10000px; top: 0px; width: 1px; height: 1px; overflow: hidden;""></div>
Pike Place Market is a unique destination for the holidays. Shoppers will find a diverse array of one-of-a-kind gifts and crafts, specialty food items for the table and eclectic dining at Market restaurants, cafes and bars.Â <br /><br /><a href=""http://www.pikeplacemarket.org/news_events/new_page"" target=""_blank""><strong>Magic in the Market on November 24, 1 - 8 pm</strong><br /></a><br />Meet Santa under the Marketâ€™s iconic clock and Public Market sign and sing along with the award-winning Dickens Carolers. Great Figgy Pudding Street Corner Caroling Competition teams will entertain the crowd with comic and singular renditions of holiday carols. Expect the unexpected!<br /><br />At 5 pm, Santa leads a countdown to the lighting of the Marketâ€™s 20-foot Holiday Tree, strawberry and carrot. The Dickens Carolers will lead the crowd in carols as the dusk deepens. Stay warm with hot cider and enjoy the holiday cheer at the Market!<br /><br /><br /><br /><br /><br />",0
34,24th Annual Great Figgy Pudding Street Corner Caroling Competition,12/03/2010 17:30:00,12/03/2010 20:30:00,"It's Seattle's most heart-warming holiday tradition, attracting nearly 10,000 people every year. Immerse yourself in the holiday spirit as 40-plus caroling teams sing their hearts out on downtown Seattle street corners in and around Westlake Center. The top teams then compete in a sing-off on the Figgy Main Stage. <a href=""http://pikemarketseniorcenter.giving.officelive.com/FiggyScheduleofEvents.aspx"" title=""Figgy details"" target=""_blank"">More details about the event.<br /></a><br /><a href=""http://pikemarketseniorcenter.giving.officelive.com/figgypudding.aspx"" title=""Figgy Pudding"" target=""_blank"">Register your Figgy Caroling Team today!</a> Teams can sign up through Monday, November 30. <br /><br />All donations benefit the Pike Market Senior Center and Downtown Food Bank, providing year-round emergency food, employment, social services, and compassionate care to low-income adn homeless seniors and individuals in downtown Seattle.",0
35,Holiday Tree Arrival,11/22/2010 12:00:00,00/00/0000 00:00:00,"It's beginning to look a lot like the holidays at the Pike Place Market, with Santa's helpers busy decking the halls with lights and greenery to adorn Market buildings.<br /><br />The grand centerpiece of the Market's holiday decorations isÂ a 20-foot tall Noble Fir treeÂ from Poulsbo. It arrives in the Market via our renovated 1936 vintage farmtruck. It will be placed in proper position, just waiting for the Market's tree lighting ceremony on Saturday, November 27 at 5:00 p.m.",0
48,Daffodil Day,03/20/2013 00:00:00,03/20/2013 00:00:00,"An Annual Springtime Tradition<br /><br />For the 16th year, Pike Place Market sponsors Daffodil Day, an annual event celebrating spring's arrival. On March 20, Pike Place Market community members, including students from the Pike Market ChildCare and Preschool, will hand out 10,000 locally grown daffodils to downtown shoppers, workers and residents.Â <br /><br />Date: March 20<br /><br />Time: 11:30 am - 1:30 pmÂ <br /><br />Locations:<br /><br />
<div id=""_mcePaste"" style=""position: absolute; left: -10000px; top: 0px; width: 1px; height: 1px; overflow: hidden;""><br />4th Ave &amp; Pine St.â€“ near Starbucks and Westlake Park</div>
<div id=""_mcePaste"" style=""position: absolute; left: -10000px; top: 0px; width: 1px; height: 1px; overflow: hidden;"">6th Ave &amp; Pine St.â€“ Pacific Place</div>
<div id=""_mcePaste"" style=""position: absolute; left: -10000px; top: 0px; width: 1px; height: 1px; overflow: hidden;"">3rd Ave &amp; Union â€“ Post Office/Benaroya Hall</div>
<div id=""_mcePaste"" style=""position: absolute; left: -10000px; top: 0px; width: 1px; height: 1px; overflow: hidden;"">4th Ave &amp; Cherry St. â€“ City Hall</div>
<div id=""_mcePaste"" style=""position: absolute; left: -10000px; top: 0px; width: 1px; height: 1px; overflow: hidden;"">4th Ave &amp; Madison St. â€“ downtown library</div>
<div id=""_mcePaste"" style=""position: absolute; left: -10000px; top: 0px; width: 1px; height: 1px; overflow: hidden;"">5th Ave &amp; Olive â€“ Westlake Tower/Medical Dental Building</div>
<div id=""_mcePaste"" style=""position: absolute; left: -10000px; top: 0px; width: 1px; height: 1px; overflow: hidden;"">5th Ave &amp; Pike St. â€“ City Centre</div>
<div></div>
4th Ave &amp; Pine St.â€“ near Starbucks and Westlake Park<br />6th Ave &amp; Pine St.â€“ Pacific Place<br />3rd Ave &amp; Union â€“ Post Office/Benaroya Hall<br />4th Ave &amp; Cherry St. â€“ City Hall<br />4th Ave &amp; Madison St. â€“ downtown library<br />5th Ave &amp; Olive â€“ Westlake Tower/Medical Dental Building<br />5th Ave &amp; Pike St. â€“ City Centre<br /><br /><br />
<p>Â </p>",1
49,Shop for bouquets at the 4th annual Pike Place Market Flower Fest,05/12/2012 00:00:00,05/13/2012 00:00:00,"Celebrate Mother's Day Weekend with a trip to the Market to buy flowers for your favorite moms. Farmers inside the Arcade and under about 40 tents on the streets will create andÂ offer beautiful bouquets perfect to brighten any mom's weekend.Â On the craftstables,Â lookÂ for many floral-themed handcrafted gifts--from glass art to yard art--made by Market craftspeople. You can also create your own card for mom atÂ a free card making tent on the street. <br /><br />Look for tents on the cobblestones of Pike Place from Pine Street to Virginia, from 10:00 a.m. - 6:00 p.m.<br />",0
39,Free Parking Saturdays through January 1,12/04/2010 00:00:00,01/01/2011 00:00:00,"<strong>Show $35 in receipts from Pike Place Market vendors at the Market Info Booth and get a pass for that dayâ€™s parking at the Public Market Parking Garage at 1531Western Avenue<br /></strong><br />
<p>Santa arrives early this year with a great deal for shoppers at the Pike Place Market. From *10 a.m. to 5 p.m. each Saturday now through New Yearâ€™s Day (except Christmas DayÂ when the Market is closed), shoppers can park for free in the Public Market Parking Garage at 1531 Western AvenueÂ if they buy at least $35 worth of merchandise from Pike Place Market merchants.</p>
<p>Hereâ€™s how it works: On those Saturdays, park at the Public Market Parking Garage at 1531 Western Avenue at orÂ after 10 a.m.Â (see <a href=""http://pikeplacemarket.org/visitor_info/parking"" title=""Public Market Parking Garage"" target=""_blank"">map</a> on this page). Look for the entrance next to the tattoo shop. There is also an entrance off Alaskan Way across from the Seattle Aquarium. Purchase a minimum of $35 in merchandise from any Pike Place Market merchants, farmers, or craftspeople, and ask for receipts. (See <a href=""http://pikeplacemarket.org/explore_the_market/market_map"" title=""merchant directory"" target=""_blank"">directory of merchants </a>here.) Bring your receipts and garage entrance ticket to the Information Booth at First &amp; Pike for validation and a pass for the garage. The pass is good for 10 a.m. to 5 p.m. that Saturday only, one per customer. (*Note: garage entry tickets must be pulled at or afterÂ 10 a.m. Tickets pulled earlier will not be eligible for this promotion. Customers parking before 10 am or after 5 pm must pay the duration of their stay.)</p>",0
85,,00/00/0000 00:00:00,00/00/0000 00:00:00,,0
87,Chase Community Giving Fall Celebration,10/27/2012 00:00:00,10/27/2012 00:00:00,"<div id=""_mcePaste"" style=""position: absolute; width: 1px; height: 1px; overflow: hidden; top: 0px; left: -10000px;"">
<div id=""_mcePaste"" style=""position: absolute; width: 1px; height: 1px; overflow: hidden; top: 0px; left: -10000px;"">
<div id=""_mcePaste"" style=""position: absolute; width: 1px; height: 1px; overflow: hidden; top: 0px; left: -10000px;"">
<div id=""_mcePaste"" style=""position: absolute; width: 1px; height: 1px; overflow: hidden; top: 0px; left: -10000px;"">
<div id=""_mcePaste"" style=""position: absolute; width: 1px; height: 1px; overflow: hidden; top: 0px; left: -10000px;"">
<div id=""_mcePaste"" style=""position: absolute; width: 1px; height: 1px; overflow: hidden; top: 0px; left: -10000px;"">
<div id=""_mcePaste"" style=""position: absolute; width: 1px; height: 1px; overflow: hidden; top: 0px; left: -10000px;""></div>
<div id=""_mcePaste"" style=""position: absolute; width: 1px; height: 1px; overflow: hidden; top: 0px; left: -10000px;"">Kids and kids at heart are invited to the Chase Community Giving Fall Celebration at Pike Place Market on Oct. 27. Trick-or-treat at Market vendors, decorate pumpkins, enjoy free seasonal bites and celebrate local organizations that are making a difference in our community. At the event Chase will officially award a total of $100,000 to three Chase Community Giving Western Washington grant recipients.</div>
</div>
<div id=""_mcePaste"" style=""position: absolute; width: 1px; height: 1px; overflow: hidden; top: 0px; left: -10000px;"">Kids and kids at heart are invited to the Chase Community Giving Fall Celebration at Pike Place Market on Oct. 27. Trick-or-treat at Market vendors, decorate pumpkins, enjoy free seasonal bites and celebrate local organizations that are making a difference in our community. At the event Chase will officially award a total of $100,000 to three Chase Community Giving Western Washington grant recipients.</div>
</div>
<div id=""_mcePaste"" style=""position: absolute; width: 1px; height: 1px; overflow: hidden; top: 0px; left: -10000px;"">Kids and kids at heart are invited to the Chase Community Giving Fall Celebration at Pike Place Market on Oct. 27. Trick-or-treat at Market vendors, decorate pumpkins, enjoy free seasonal bites and celebrate local organizations that are making a difference in our community. At the event Chase will officially award a total of $100,000 to three Chase Community Giving Western Washington grant recipients.</div>
<div id=""_mcePaste"" style=""position: absolute; width: 1px; height: 1px; overflow: hidden; top: 0px; left: -10000px;""></div>
<div id=""_mcePaste"" style=""position: absolute; width: 1px; height: 1px; overflow: hidden; top: 0px; left: -10000px;"">Kids and kids at heart are invited to the Chase Community Giving Fall Celebration at Pike Place Market on Oct. 27. Trick-or-treat at Market vendors, decorate pumpkins, enjoy free seasonal bites and celebrate local organizations that are making a difference in our community. At the event Chase will officially award a total of $100,000 to three Chase Community Giving Western Washington grant recipients.</div>
</div>
<div id=""_mcePaste"" style=""position: absolute; width: 1px; height: 1px; overflow: hidden; top: 0px; left: -10000px;"">Kids and kids at heart are invited to the Chase Community Giving Fall Celebration at Pike Place Market on Oct. 27. Trick-or-treat at Market vendors, decorate pumpkins, enjoy free seasonal bites and celebrate local organizations that are making a difference in our community. At the event Chase will officially award a total of $100,000 to three Chase Community Giving Western Washington grant recipients.</div>
</div>
<div id=""_mcePaste"" style=""position: absolute; width: 1px; height: 1px; overflow: hidden; top: 0px; left: -10000px;"">Kids and kids at heart are invited to the Chase Community Giving Fall Celebration at Pike Place Market on Oct. 27. Trick-or-treat at Market vendors, decorate pumpkins, enjoy free seasonal bites and celebrate local organizations that are making a difference in our community. At the event Chase will officially award a total of $100,000 to three Chase Community Giving Western Washington grant recipients.</div>
<div id=""_mcePaste"" style=""position: absolute; width: 1px; height: 1px; overflow: hidden; top: 0px; left: -10000px;""></div>
<div id=""_mcePaste"" style=""position: absolute; width: 1px; height: 1px; overflow: hidden; top: 0px; left: -10000px;"">Kids and kids at heart are invited to the Chase Community Giving Fall Celebration at Pike Place Market on Oct. 27. Trick-or-treat at Market vendors, decorate pumpkins, enjoy free seasonal bites and celebrate local organizations that are making a difference in our community. At the event Chase will officially award a total of $100,000 to three Chase Community Giving Western Washington grant recipients.</div>
</div>
<div id=""_mcePaste"" style=""position: absolute; width: 1px; height: 1px; overflow: hidden; top: 0px; left: -10000px;"">Kids and kids at heart are invited to the Chase Community Giving Fall Celebration at Pike Place Market on Oct. 27. Trick-or-treat at Market vendors, decorate pumpkins, enjoy free seasonal bites and celebrate local organizations that are making a difference in our community. At the event Chase will officially award a total of $100,000 to three Chase Community Giving Western Washington grant recipients.</div>
</div>
<div id=""_mcePaste"" style=""position: absolute; width: 1px; height: 1px; overflow: hidden; top: 0px; left: -10000px;"">Kids and kids at heart are invited to the Chase Community Giving Fall Celebration at Pike Place Market on Oct. 27. Trick-or-treat at Market vendors, decorate pumpkins, enjoy free seasonal bites and celebrate local organizations that are making a difference in our community. At the event Chase will officially award a total of $100,000 to three Chase Community Giving Western Washington grant recipients.Kids and kids at heart are invited to the Chase Community Giving Fall Celebration at Pike Place Market on Oct. 27. Trick-or-treat at Market vendors, decorate pumpkins, enjoy free seasonal bites and celebrate local organizations that are making a difference in our community. At the event Chase will officially award a total of $100,000 to three Chase Community Giving Western Washington grant recipients.</div>
Kids and kids at heart are invited to the Chase Community Giving Fall Celebration at Pike Place Market on Oct. 27 from 11 am - 2 pm. <br /><br />Trick-or-treat at Market vendors, decorate pumpkins, enjoy free seasonal bites and celebrate local organizations that are making a difference in our community. At the event Chase will officially award a total of $100,000 to three Chase Community Giving Western Washington grant recipients.",1
58,Care for the Market Luncheon,03/06/2012 00:00:00,03/06/2012 00:00:00,"<p>Celebrate 30 years of theÂ Market Foundation at their annual fund-raising Care for the Market luncheon. this year's event takes place on March 6 from noon - 1:30 p.m. at the Westin Seattle Grand Ballroom.<br /><br /><a href=""http://pikeplacemarketfoundation.org/events/luncheon.shtml"" title=""Care for the Market"" target=""_blank"">MoreÂ informationÂ or to register</a></p>",0
99,"5th Annual Flower Festival ",05/11/2013 00:00:00,05/12/2013 00:00:00,"<p><strong><span style=""font-size: small;"">5th Annual Pike Place Market Flower Festival</span></strong></p>
<p><em><span style=""font-size: small;""> </span></em></p>
<p><span style=""font-size: small;"">Motherâ€™s Day weekend is a special weekend at Pike Place Market. The flower stalls overflow into the street with nearly 40 tents set up on the cobblestone street of Pike Place featuring three dozen flower farmers from King, Snohomish, and Whatcom Counties. <br /><br />Watch the local farmers createÂ <span style=""font-size: small;"">gorgeous spring bouquets. P</span>ick up a bouquet or two and make a Momâ€™s Day card in our card making booth. <br /><br />Join us at 2 pm for a talk by gardening maven Ciscoe Morris who will give gardening tips and advice followed by a Q and A. </span></p>",1
63,Sunset Supper,08/17/2012 19:30:00,08/17/2012 23:00:00,"<p>Spend a summer evening in the Market at thisÂ annual not-to-miss event.Â Enjoy great food fromÂ some of Seattle's finestÂ restaurants, beverages from local wineries and breweries, and live music--all while supporting the Market Foundation. <a href=""http://www.pikeplacemarketfoundation.org/sunset-supper/"" target=""_blank"">Information and tickets</a>Â </p>",0
60,Pike Place Market Express at City Hall Plaza,06/19/2012 00:00:00,09/25/2012 00:00:00,"Shop from Pike Place MarketÂ farmers at this weekly market at the City Hall Plaza (600 4th Avenue). Held every Tuesday from 10:00 a.m. -Â  2:00 p.m. Choose from farm fresh greens, herbs, vegetables, fruit, flowers and more!",0
61,Pike Place Market Express at South Lake Union,06/21/2012 00:00:00,09/27/2012 00:00:00,"Shop from Pike Place MarketÂ farmers at this weekly market at South Lake Union. For the second year, our location is at 410 Terry Avenue, between Harrison and Republican. Held everyÂ Thursday from 10:30 a.m. -Â  2:30 p.m.<br /><br />Look for noontime chef cooking demonstrations throughout the summer.",0
105,BB Ranch presents Nose to Tail Pig Fest,05/04/2013 00:00:00,06/01/2013 00:00:00,"5 course Nose to Tail Menu<br />May 4, May 17, and June 1 at the Pike Place Market<br /><br />Featuring<br />Hand raised local pork from Bucking Boar Farms<br />Fresh produce from the Pike Place Market<br />Coctails from Lucid Lounge and Project V Distillersy<br />Bacon cupcakes from The Yellow Leaf Cupcake Co.<br />Prepared by the world famous chefs at BB Ranch<br /><br />Proceeds benefit the Market Foundation<br /><br />
<p>$109.00 plus tax and a $0.99 cent ticket fee. <br />$10 of every ticket goes to the Market Foundation<br /><br />More information and tickets atÂ <a href=""http://bit.ly/n2tail-pig "" title=""Nose to Tail Dinner"" target=""_blank"">http://bit.ly/n2tail-pig </a></p>",0
100,,00/00/0000 00:00:00,00/00/0000 00:00:00,,0
101,Bunny Party!,03/30/2013 00:00:00,03/30/2013 00:00:00,"<span style=""color: #333333; font-family: 'lucida grande', tahoma, verdana, arial, sans-serif; font-size: 13px; line-height: 18px;"">BUNNY Party!! Visit the Market's Western Ave. shops this Saturday from 2 - 6 pm and 1) pet live bunnies, 2) adopt a bunny 3) donate to the Seattle Animal Shelter to support abandoned bunnies, 4) make Easter cards and 5) participate in an EGG HUNT throughout the Market! It's going to be a bunny filled time! <br /><br />Get all the details here: </span><a href=""https://www.facebook.com/events/548578591843743/"" rel=""nofollow"" style=""color: #3b5998; cursor: pointer; text-decoration: none; font-family: 'lucida grande', tahoma, verdana, arial, sans-serif; font-size: 13px; line-height: 18px;"" target=""_blank"">https://www.facebook.com/events/548578591843743/</a>",1
79,Celebrate Macaron Day at Le Panier,03/16/2012 00:00:00,03/20/2012 00:00:00,"<p>Jour du Macarons is a celebration of these tasty treats with a focus on giving back. You can help out, one macaron at a time, at LePanier. From March 16-20, 10% of all macarons sales will benefit Seattle Tilth. Le Panier is at the corner of Pike Place and Stewart Streets, and opens daily at 7:00 a.m.<br /><br /><a href=""http://www.lepanier.com/"" title=""Le Panier"" target=""_blank"">Learn more</a></p>",0
84,Farm Fresh Lunches,09/12/2012 00:00:00,09/12/2012 00:00:00,"<p><strong><img alt=""Farm Fresh Lunch"" src=""http://pikeplacemarket.s3.amazonaws.com/Events/FFLunches_Flyer 300.jpg"" style=""vertical-align: text-top; margin: 10px;"" /><br />Downtown workers and residents: We're bringing the Market to you.<br /></strong><br />We've teamed up with our farm friends, top chefs, and restaurants to bring you gourmet lunches featuring seasonal locally sourced ingredients.<br /><br />Five days this summer<br /><strong>Just $5 per lunch<br /></strong>11:30 a.m. - 1:30 p.m. (while supplies last)<br /><br />Join us for our remaining lunch:<br /><br /><strong>September 12<br /></strong>with Steelhead Diner<br />Occidental Park<br /><br />#FarmFreshLunches</p>",0
86,American Craft Week,10/05/2012 00:00:00,10/15/2012 00:00:00,"<p>Pike Place Market celebrates American Craft Week, October 5-14 and recognizes the thousands of American artists who produce handmade decorative and functional artisan crafts that fuel our creative economy, brighten our living and work spaces and connect us to our past. <br /><br />The Market is proud to be the home of an internationally-recognized crafts market that represents the work of more than 200 talented craftspeople. Join the celebration! <a href=""http://www.pikeplacemarket.org/news_events/americancraftweek"" target=""_blank"">Learn more about American Craft Week.</a></p>",0
66,"Arcade Lights: A Celebration of Artisan Food, Beer & Wine",10/12/2012 00:00:00,10/12/2012 00:00:00,"<h3>Celebrating Craft Beer, Wine &amp; Food</h3>
<p>Friday, October 12, 2012 â€¢ 7-10 pm<br /><br />Join us in the Marketâ€™s North Arcade as local artisan purveyors present their handcrafted foods and beverages. Sample savory and sweet bitesâ€”from seafood to sausage, from doughnuts to ice creamâ€”and beer, wine, coffee and other drinks. Enjoy live music and entertainment provided by a selection of Market buskers.<br /><br />Entry fee includes 10 tokens redeemable for your choice of food and beverage and a keepsake glass. Additional tokens available for purchase at event for $2.50.<br /><br />For guests 21 and over â€¢ Benefits the Market Foundation<br /><br /><strong><a href=""http://www.pikeplacemarket.org/news_events/arcadelights"" target=""_blank"">More information on participating vendors</a><br /><br /><a href=""http://arcadelights.brownpapertickets.com/"" target=""_blank"">Purchase tickets </a> </strong></p>",0
80,Grand Re-Opening of Market Theater,04/06/2012 00:00:00,00/00/0000 00:00:00,"Unexpected Productions temporarily relocated during the Market's renovation. Join them for their Official Grand Re-opening Celebration, beginning at 8:30 p.m.<br /><br /><a href=""http://www.unexpectedproductions.org/"" title=""Market Theater"" target=""_blank"">More information about shows at the Market Theater<br /></a>",0
81,The Pink Door May Entertainment,04/16/2013 00:00:00,04/30/2013 00:00:00,"<p>The entertainment line up for The Pink Door for April:<br /><span style=""text-decoration: underline;""><br /></span><strong>Monday<br /></strong>Katie Kat Kirkland on Trapeze<br />Make reservations to see our trapeze artist in the dining room<br />6:30 p.m. â€“Â  9:00 p.m.</p>
<p><strong>Tuesday<br /></strong>Michel Navedo<br />8:00 p.m. â€“Â  11:00 p.m.</p>
<p><strong>Wednesday<br /></strong>Casey MacGill's Blue 4 Trio<br />The golden era of speak easy nightclubs with harmonizing vocals<br />8:00 p.m. â€“Â  11:00 p.m.</p>
<p><strong>Thursday<br /></strong>Bric-A-Brac<br />Eastern European Jazz<br />8:00 p.m. â€“Â  11:00 p.m.</p>
<p><strong>Fridays<br /></strong>April 5th<br />Laura Moreau<br />9:00 p.m. â€“ 12:00 a.m</p>
<p>April 12th<br />Eric Miller<br />9:00 p.m. â€“ 12:00 a.m</p>
<p>April 19th<br />Johnny Astro<br />9:00 p.m. â€“ 12:00 a.m.</p>
<p>April 26th<br />Porquoi Pas<br />9:00 p.m. â€“ 12:00 a.m.</p>
<p><strong>Saturday<br /></strong>Burlesque &amp; Cabaret Behind The Pink Door<br />11:00 till the Wee Hours<br />Please call for details<br />No Reservations / $15 / Doors open at 9:00</p>
<p><strong>Sunday<br /></strong>Bridget Gunning on Trapeze<br />Make reservations to see our trapeze artist in the dining room<br />6:30 p.m. â€“Â  9:00 p.m.</p>
<p>The Pink Door is located at:<br />1919 Post Alley<br />Seattle, WA 98101<br />(206) 443-3241<br /><a href=""http://www.thepinkdoor.net"" title=""www.thepinkdoor.net"" target=""_blank"">www.thepinkdoor.net<br /></a>Twitter: @PinkDoorSeattle<br />Facebook: <a href=""https://www.facebook.com/PinkDoorSeattle"" title=""https://www.facebook.com/PinkDoorSeattle"" target=""_blank"">https://www.facebook.com/PinkDoorSeattle</a></p>",1
77,"Shop Hands of the World, Get $5 Parking Voucher for Public Market Parking Garage",02/01/2012 00:00:00,02/15/2012 00:00:00,"<p>Spend $50 or more at Hands of the World, and get a free gift: a $5 voucher for parking at the Public Market Parking Garage (located at 1531 Western Avenue, right behind the Market). Time to shop for your Valentine--or yourself!<br /><br />Shop February 1 - 15, 10:00 a.m. - 5:30 p.m. <a href=""http://www.handsoftheworld.com/pageStoriesArticles"" title=""Hands of the World"" target=""_blank"">More details here</a></p>",0
98,,00/00/0000 00:00:00,00/00/0000 00:00:00,,0
69,Beaujolais Concert and Dinner at Maximilien Restaurant,11/17/2011 00:00:00,11/17/2011 00:00:00,"In celebration of the new Beaujolais of 2011, Maximilien Restaurant is holding a wine concert and a three-course dinner. Join them for one or both!<br /><br />The concert, from 6 - 9 p.m., features Rouge. Cost is just $5 or $19 with a Beaujolais Wine Sampler included. The concert is free for those guests enjoying dinner. It will be held on Maximilien's heated patio with Puget Sound as a backdrop.<br /><br />The three-course dinner is $39; seating is at 5:30 and 8:30 p.m. Choose your favorite of two appetizers and two entrees (one option is Seared Seabass with a red wine and demi glace reduction), then enjoy a pear and almond tart.<br /><br /><a href=""http://beaujolais.maximilienrestaurant.com/"" title=""concert &amp; dinner"" target=""_blank"">More information and reservations</a>",0
96,"Arcade Lights ",04/19/2013 00:00:00,04/19/2013 00:00:00,"<p><span style=""font-size: small;"">A Celebration of Artisan Food, Craft Beer and Wine<br /><br />Discover Seattle's newest local and independent purveyors of sweet and savory artisan foods. Visit with favorite vendors while tasting a wide variety of delicious, fresh, handcrafted foods, brews and wine with your friends. <br /><br />Entrance fee includes keepsake glass and 10 tokens. Additional tokens can be purchased at the event. <span style=""font-size: small;"">This event benefits the Market Foundation. </span><br /><br /><strong>April 19, 7 - 10 pm.Â <br /><span style=""font-size: small; font-weight: bold;"">Advance tickets are sold out. A limited number of tickets will be available for purchase the day of the event.</span><br /><br /></strong>$28 in advance /Â $35 the day of the event.Â <br /><br /></span></p>",0
72,Holiday Giving Tree,11/25/2011 00:00:00,12/23/2011 00:00:00,"<p>The Pike Place Market Foundation sponsors an annual holiday giving tree which is decorated with wishes from low-income adults and seniors who reside in the Market's subsidized apartment homes, from low-income families with a child attending the Preschool, low-income members of the Senior Center and clients of the Medical Clinic and Downtown Food Bank.<br /><br />Beginning Friday, November 25th you and your family, friends and/or co-workers can help brighten the New Year for our low-income neighbors in the Market community by visiting the tree ~ located on the 4th Floor of the DownUnder Market (near the Giant Shoe Museum) ~ and selecting one or two of the modest wishes.<br /><br />Can't make it to the Market? No worries--visit the <a href=""http://www.pikeplacemarket.org"" title=""virtual tree"" target=""_blank"">virtual tree</a> at starting Friday, November 25.</p>
<p><a href=""http://www.pikeplacemarketfoundation.org"" title=""Market Foundation"" target=""_blank"">More information about the Market Foundation</a></p>",0
90,Holiday Giving Tree,11/21/2012 00:00:00,12/17/2012 00:00:00,"While shopping at Pike Place Market this holiday season stop by and fulfill a wish or two from our Giving Trees. The Giving Trees will be decorated with lights and holiday wishes from low-income of the Pike Place Market community. Visit the trees located in the Marketâ€™s DownUnder (near Hands of the World) or the Market Atrium in the Economy Building. <br /><br />If you miss the Giving Trees while in the Market, give online via ourÂ <a href=""http://www.pikeplacemarketfoundation.org/events/holiday-giving-tree/"" target=""_blank"">virtual tree</a>.",1
104,Lisa Harris Gallery Exhibitions,04/16/2013 00:00:00,07/29/2013 00:00:00,"<p><strong>Kent LovelaceÂ and Occitania through Monday, April 29</strong></p>
<p>A longtime Seattle artist who is now based on Whidbey Island, Lovelace has painted on copper exclusively now for the past decade and a half.Â  He finds inspiration in landscapes that have been under cultivation for thousands of years. Occitania is an area in Southern France corresponding to areas once occupied by the Romans.</p>
<p><strong><em>Artist Talk:</em></strong> Sunday, April 21 at 1 p.m. Hear Lovelace discuss his technique and motivation for working on copper.</p>
<p><strong>Relay Dance Benefit:</strong>Â  Friday, April 19 from 6-10 p.m. Lisa Harris Gallery and Kent Lovelace welcome Relay Dance Collective for an evening of music, refreshments and more! For a $10 ticket, be treated to delectable hor d'oeuvres, dessert, beer or wine, and live music. Meet artist Kent Lovelace whose oil paintings on copper feature the French landscape.</p>
<p><strong>UPCOMING EXHIBITIONS</strong></p>
<p>May 2 - June 2<br />KATHRYN ALTUS | Stream to Sea <br />JOEL BROCK | Shadows CastÂ </p>
<p><br />June 6-July 1 <br />LINDA JO NAZARENUS | Beyond and Back<br />and Selected Works by Gallery ArtistsÂ </p>
<p><br />July 5 - 29<br />CHRISTINE SHARP | New Work <br />and Selected Works by Gallery ArtistsÂ  <br />Second Thursday Reception,Â  July 11, 6 - 8 pm</p>
<p>1922 Pike Place, Seattle WA 98101<br />206.443.3315<br />Mon-Sat 10:30-5:30; Sun 11:00-4:00</p>",1
97,Care for the Market Luncheon,03/12/2013 00:00:00,03/12/2013 00:00:00,"<div id=""_mcePaste"" style=""position: absolute; left: -10000px; top: 0px; width: 1px; height: 1px; overflow: hidden;"">Join us to make a positive difference in the lives of low-income children, families and seniors in our downtown community. The Care for the Market Luncheon raises funds and awareness for the Market Foundationâ€™s mission of preserving the traditions and diversity of the neighborhood that has often been called â€œthe soul of Seattleâ€. Our annual luncheon helps ensure that the Market Foundation will continue to be there to support the vital human services located in the Pike Place Market and utilized by over 10,000 each year: the Pike Market Medical Clinic, Preschool, Senior Center and Food Bank.</div>
<div id=""_mcePaste"" style=""position: absolute; left: -10000px; top: 0px; width: 1px; height: 1px; overflow: hidden;"">There is a $150 suggested minimum donation at the event. Our corporate sponsors generously cover all event expenses, allowing funds donated at the luncheon to go directly to support the vital services of the Marketâ€™s clinic, senior center, preschool and food bank.</div>
<div>Hosted by the Pike Place Market Foundation<br /><br />Date: Tuesday, March 12, 2013</div>
<div></div>
<div>Time: 11:30 am Registration; Noon to 1:30 pm Program &amp; Luncheon</div>
<div></div>
<div>Location: Sheraton Seattle Hotel</div>
<div>Metropolitan Ballroom</div>
<div>1400 Sixth Avenue, Seattle, WA 98101</div>
<div></div>
<a href=""https://marketfoundation.ejoinme.org/MyEvents/CarefortheMarketLuncheon2013/RSVPHere/tabid/431855/Default.aspx"" target=""_blank"">Click here to RSVP Now</a><br /><br />Join us to make a positive difference in the lives of low-income children, families and seniors in our downtown community. The Care for the Market Luncheon raises funds and awareness for the Market Foundationâ€™s mission of preserving the traditions and diversity of the neighborhood that has often been called â€œthe soul of Seattle.""Â <br /><br />Our annual luncheon helps ensure that the Market Foundation will continue to be there to support the vital human services located in the Pike Place Market and utilized by over 10,000 each year: the Pike Market Medical Clinic, Preschool, Senior Center and Food Bank.<br /><br />There is a $150 suggested minimum donation at the event. Our corporate sponsors generously cover all event expenses, allowing funds donated at the luncheon to go directly to support the vital services of the Marketâ€™s clinic, senior center, preschool and food bank.",1
